experimento,estructura,orden,N,M,rep,tiempo_s,altura
E2,lista,aleatorio,10,1000,1,0.00017219999426743016,
E2,abb,aleatorio,10,1000,1,0.00015799999528098851,5
E2,bmas,aleatorio,10,1000,1,0.00028759999986505136,1
E2,lista,aleatorio,10,1000,2,0.00017289999959757552,
E2,abb,aleatorio,10,1000,2,0.00014870000450173393,4
E2,bmas,aleatorio,10,1000,2,0.00023940000392030925,1
E2,lista,aleatorio,10,1000,3,0.00016740000137360767,
E2,abb,aleatorio,10,1000,3,0.0001908999984152615,7
E2,bmas,aleatorio,10,1000,3,0.00024760000087553635,1
E2,lista,aleatorio,100,1000,1,0.0010385999994468875,
E2,abb,aleatorio,100,1000,1,0.00033429999893996865,12
E2,bmas,aleatorio,100,1000,1,0.000698800002282951,2
E2,lista,aleatorio,100,1000,2,0.001032100000884384,
E2,abb,aleatorio,100,1000,2,0.0003645999968284741,13
E2,bmas,aleatorio,100,1000,2,0.000629900001513306,2
E2,lista,aleatorio,100,1000,3,0.0011128000041935593,
E2,abb,aleatorio,100,1000,3,0.0004270999997970648,13
E2,bmas,aleatorio,100,1000,3,0.00066970000625588,2
E2,lista,aleatorio,1000,1000,1,0.011267399997450411,
E2,abb,aleatorio,1000,1000,1,0.0005952999999863096,23
E2,bmas,aleatorio,1000,1000,1,0.001322999996773433,2
E2,lista,aleatorio,1000,1000,2,0.010715000003983732,
E2,abb,aleatorio,1000,1000,2,0.0006047999995644204,22
E2,bmas,aleatorio,1000,1000,2,0.001279600000998471,2
E2,lista,aleatorio,1000,1000,3,0.010508799998206086,
E2,abb,aleatorio,1000,1000,3,0.0005973000006633811,21
E2,bmas,aleatorio,1000,1000,3,0.0012879999994765967,2
E2,lista,ordenado,10,1000,1,0.00017069999739760533,
E2,abb,ordenado,10,1000,1,0.00024930000654421747,10
E2,bmas,ordenado,10,1000,1,0.00025319999986095354,1
E2,lista,ordenado,10,1000,2,0.00015220000204863027,
E2,abb,ordenado,10,1000,2,0.0002275000006193295,10
E2,bmas,ordenado,10,1000,2,0.0002734000008786097,1
E2,lista,ordenado,10,1000,3,0.00016029999824240804,
E2,abb,ordenado,10,1000,3,0.0003060000017285347,10
E2,bmas,ordenado,10,1000,3,0.0002578999992692843,1
E2,lista,ordenado,100,1000,1,0.000868900002387818,
E2,abb,ordenado,100,1000,1,0.0018834000002243556,100
E2,bmas,ordenado,100,1000,1,0.0010212999986833893,2
E2,lista,ordenado,100,1000,2,0.0008629000003566034,
E2,abb,ordenado,100,1000,2,0.0019057999961660244,100
E2,bmas,ordenado,100,1000,2,0.0006811999992351048,2
E2,lista,ordenado,100,1000,3,0.0009135000000242144,
E2,abb,ordenado,100,1000,3,0.001955100000486709,100
E2,bmas,ordenado,100,1000,3,0.000705700003891252,2
E2,lista,ordenado,1000,1000,1,0.008668899994518142,
E2,abb,ordenado,1000,1000,1,0.019598200000473298,1000
E2,bmas,ordenado,1000,1000,1,0.001395899998897221,2
E2,lista,ordenado,1000,1000,2,0.007878800002799835,
E2,abb,ordenado,1000,1000,2,0.019823999995423947,1000
E2,bmas,ordenado,1000,1000,2,0.0012159999969298951,2
E2,lista,ordenado,1000,1000,3,0.008341900000232272,
E2,abb,ordenado,1000,1000,3,0.020116899999266025,1000
E2,bmas,ordenado,1000,1000,3,0.0014837999988230877,2
