experimento,estructura,orden,N,Q,K,rep,tiempo_s,altura
E5,lista,aleatorio,100,1000,100,1,0.00411000003805384,
E5,abb,aleatorio,100,1000,100,1,0.014886699966154993,11
E5,bmas,aleatorio,100,1000,100,1,0.005404199997428805,2
E5,lista,aleatorio,100,1000,100,2,0.004042999993544072,
E5,abb,aleatorio,100,1000,100,2,0.012921899964567274,14
E5,bmas,aleatorio,100,1000,100,2,0.006441600038670003,2
E5,lista,aleatorio,100,1000,100,3,0.004788800026290119,
E5,abb,aleatorio,100,1000,100,3,0.011565099994186312,12
E5,bmas,aleatorio,100,1000,100,3,0.00535009999293834,2
E5,lista,aleatorio,100,1000,100,4,0.003635800036136061,
E5,abb,aleatorio,100,1000,100,4,0.012455199961550534,16
E5,bmas,aleatorio,100,1000,100,4,0.004670199996326119,2
E5,lista,aleatorio,100,1000,100,5,0.0038160000112839043,
E5,abb,aleatorio,100,1000,100,5,0.011612500005867332,12
E5,bmas,aleatorio,100,1000,100,5,0.00564489996759221,2
E5,lista,aleatorio,100,1000,100,6,0.003650899976491928,
E5,abb,aleatorio,100,1000,100,6,0.0113120999885723,12
E5,bmas,aleatorio,100,1000,100,6,0.004630099982023239,2
E5,lista,aleatorio,100,1000,100,7,0.0036466000019572675,
E5,abb,aleatorio,100,1000,100,7,0.01261149998754263,11
E5,bmas,aleatorio,100,1000,100,7,0.005783099972177297,2
E5,lista,aleatorio,100,1000,100,8,0.004045300011057407,
E5,abb,aleatorio,100,1000,100,8,0.01159790001111105,16
E5,bmas,aleatorio,100,1000,100,8,0.005296099989209324,2
E5,lista,aleatorio,100,1000,100,9,0.003938600013498217,
E5,abb,aleatorio,100,1000,100,9,0.011460000008810312,12
E5,bmas,aleatorio,100,1000,100,9,0.004655700002331287,2
E5,lista,aleatorio,100,1000,100,10,0.0035512999747879803,
E5,abb,aleatorio,100,1000,100,10,0.010827199963387102,11
E5,bmas,aleatorio,100,1000,100,10,0.004903199966065586,2
E5,lista,aleatorio,100,1000,100,11,0.00396469997940585,
E5,abb,aleatorio,100,1000,100,11,0.012057200015988201,11
E5,bmas,aleatorio,100,1000,100,11,0.0053029999835416675,2
E5,lista,aleatorio,100,1000,100,12,0.003861700010020286,
E5,abb,aleatorio,100,1000,100,12,0.01157279999461025,14
E5,bmas,aleatorio,100,1000,100,12,0.005307900020852685,2
E5,lista,aleatorio,100,1000,100,13,0.004742100019939244,
E5,abb,aleatorio,100,1000,100,13,0.01160850003361702,13
E5,bmas,aleatorio,100,1000,100,13,0.005305300001055002,2
E5,lista,aleatorio,100,1000,100,14,0.003981899993959814,
E5,abb,aleatorio,100,1000,100,14,0.011568600020837039,14
E5,bmas,aleatorio,100,1000,100,14,0.0056238999823108315,2
E5,lista,aleatorio,100,1000,100,15,0.004042899992782623,
E5,abb,aleatorio,100,1000,100,15,0.011607800028286874,14
E5,bmas,aleatorio,100,1000,100,15,0.0051074999500997365,2
E5,lista,aleatorio,300,1000,100,1,0.009320600016508251,
E5,abb,aleatorio,300,1000,100,1,0.012278700014576316,15
E5,bmas,aleatorio,300,1000,100,1,0.007553100003860891,2
E5,lista,aleatorio,300,1000,100,2,0.009470999997574836,
E5,abb,aleatorio,300,1000,100,2,0.012565699988044798,18
E5,bmas,aleatorio,300,1000,100,2,0.005911999964155257,2
E5,lista,aleatorio,300,1000,100,3,0.009785400005057454,
E5,abb,aleatorio,300,1000,100,3,0.012812600005418062,18
E5,bmas,aleatorio,300,1000,100,3,0.005842700018547475,2
E5,lista,aleatorio,300,1000,100,4,0.01008830004138872,
E5,abb,aleatorio,300,1000,100,4,0.01264979998813942,22
E5,bmas,aleatorio,300,1000,100,4,0.005818100005853921,2
E5,lista,aleatorio,300,1000,100,5,0.009960199997294694,
E5,abb,aleatorio,300,1000,100,5,0.01216410001507029,19
E5,bmas,aleatorio,300,1000,100,5,0.0055473000393249094,2
E5,lista,aleatorio,300,1000,100,6,0.011231300013605505,
E5,abb,aleatorio,300,1000,100,6,0.014247900049667805,16
E5,bmas,aleatorio,300,1000,100,6,0.006103999970946461,2
E5,lista,aleatorio,300,1000,100,7,0.010023600014392287,
E5,abb,aleatorio,300,1000,100,7,0.013342099962756038,16
E5,bmas,aleatorio,300,1000,100,7,0.005914000037591904,2
E5,lista,aleatorio,300,1000,100,8,0.010038599953986704,
E5,abb,aleatorio,300,1000,100,8,0.01203500002156943,19
E5,bmas,aleatorio,300,1000,100,8,0.005422699963673949,2
E5,lista,aleatorio,300,1000,100,9,0.010228300001472235,
E5,abb,aleatorio,300,1000,100,9,0.013163600000552833,20
E5,bmas,aleatorio,300,1000,100,9,0.00608339998871088,2
E5,lista,aleatorio,300,1000,100,10,0.010114100005012006,
E5,abb,aleatorio,300,1000,100,10,0.012634000042453408,17
E5,bmas,aleatorio,300,1000,100,10,0.005949100013822317,2
E5,lista,aleatorio,300,1000,100,11,0.009172999998554587,
E5,abb,aleatorio,300,1000,100,11,0.012232800014317036,16
E5,bmas,aleatorio,300,1000,100,11,0.006015999999362975,2
E5,lista,aleatorio,300,1000,100,12,0.009994999971240759,
E5,abb,aleatorio,300,1000,100,12,0.012367799994535744,19
E5,bmas,aleatorio,300,1000,100,12,0.005444200010970235,2
E5,lista,aleatorio,300,1000,100,13,0.011968000035267323,
E5,abb,aleatorio,300,1000,100,13,0.012672699987888336,15
E5,bmas,aleatorio,300,1000,100,13,0.005783099972177297,2
E5,lista,aleatorio,300,1000,100,14,0.010161300015170127,
E5,abb,aleatorio,300,1000,100,14,0.012799300020560622,17
E5,bmas,aleatorio,300,1000,100,14,0.005885599995963275,2
E5,lista,aleatorio,300,1000,100,15,0.010196899995207787,
E5,abb,aleatorio,300,1000,100,15,0.01338779996149242,15
E5,bmas,aleatorio,300,1000,100,15,0.005287099978886545,2
E5,lista,aleatorio,1000,1000,100,1,0.030054699978791177,
E5,abb,aleatorio,1000,1000,100,1,0.013827999995555729,24
E5,bmas,aleatorio,1000,1000,100,1,0.00727609999012202,2
E5,lista,aleatorio,1000,1000,100,2,0.028929099964443594,
E5,abb,aleatorio,1000,1000,100,2,0.013867300003767014,20
E5,bmas,aleatorio,1000,1000,100,2,0.0066503999987617135,2
E5,lista,aleatorio,1000,1000,100,3,0.02735459996620193,
E5,abb,aleatorio,1000,1000,100,3,0.016116000013425946,21
E5,bmas,aleatorio,1000,1000,100,3,0.006257999979425222,2
E5,lista,aleatorio,1000,1000,100,4,0.027480100048705935,
E5,abb,aleatorio,1000,1000,100,4,0.014174200012348592,22
E5,bmas,aleatorio,1000,1000,100,4,0.006634699995629489,2
E5,lista,aleatorio,1000,1000,100,5,0.028444099996704608,
E5,abb,aleatorio,1000,1000,100,5,0.01562630000989884,23
E5,bmas,aleatorio,1000,1000,100,5,0.007432100013829768,2
E5,lista,aleatorio,1000,1000,100,6,0.040116699994541705,
E5,abb,aleatorio,1000,1000,100,6,0.016499500023201108,21
E5,bmas,aleatorio,1000,1000,100,6,0.008239500049967319,2
E5,lista,aleatorio,1000,1000,100,7,0.041201300045941025,
E5,abb,aleatorio,1000,1000,100,7,0.01637759996810928,20
E5,bmas,aleatorio,1000,1000,100,7,0.0070315999910235405,2
E5,lista,aleatorio,1000,1000,100,8,0.02941429999191314,
E5,abb,aleatorio,1000,1000,100,8,0.014037899964023381,23
E5,bmas,aleatorio,1000,1000,100,8,0.0059275999665260315,2
E5,lista,aleatorio,1000,1000,100,9,0.02860070002498105,
E5,abb,aleatorio,1000,1000,100,9,0.016678899992257357,23
E5,bmas,aleatorio,1000,1000,100,9,0.006452300003729761,2
E5,lista,aleatorio,1000,1000,100,10,0.0296480999677442,
E5,abb,aleatorio,1000,1000,100,10,0.014077099971473217,22
E5,bmas,aleatorio,1000,1000,100,10,0.006537400011438876,2
E5,lista,aleatorio,1000,1000,100,11,0.027797600021585822,
E5,abb,aleatorio,1000,1000,100,11,0.013492199999745935,25
E5,bmas,aleatorio,1000,1000,100,11,0.007076599984429777,2
E5,lista,aleatorio,1000,1000,100,12,0.03548589994898066,
E5,abb,aleatorio,1000,1000,100,12,0.015495600004214793,23
E5,bmas,aleatorio,1000,1000,100,12,0.006927100010216236,2
E5,lista,aleatorio,1000,1000,100,13,0.04227769997669384,
E5,abb,aleatorio,1000,1000,100,13,0.01583420002134517,21
E5,bmas,aleatorio,1000,1000,100,13,0.006095799966715276,2
E5,lista,aleatorio,1000,1000,100,14,0.030182100017555058,
E5,abb,aleatorio,1000,1000,100,14,0.015282400010619313,23
E5,bmas,aleatorio,1000,1000,100,14,0.005690899968612939,2
E5,lista,aleatorio,1000,1000,100,15,0.0289358000154607,
E5,abb,aleatorio,1000,1000,100,15,0.014268200029619038,20
E5,bmas,aleatorio,1000,1000,100,15,0.006323800014797598,2
E5,lista,aleatorio,2000,1000,100,1,0.0583663999568671,
E5,abb,aleatorio,2000,1000,100,1,0.013489799981471151,25
E5,bmas,aleatorio,2000,1000,100,1,0.00579899997683242,3
E5,lista,aleatorio,2000,1000,100,2,0.0554248999687843,
E5,abb,aleatorio,2000,1000,100,2,0.013277899997774512,23
E5,bmas,aleatorio,2000,1000,100,2,0.006465999991632998,3
E5,lista,aleatorio,2000,1000,100,3,0.0537507000262849,
E5,abb,aleatorio,2000,1000,100,3,0.013903699989896268,23
E5,bmas,aleatorio,2000,1000,100,3,0.007660999952349812,3
E5,lista,aleatorio,2000,1000,100,4,0.055959500023163855,
E5,abb,aleatorio,2000,1000,100,4,0.013932800036855042,23
E5,bmas,aleatorio,2000,1000,100,4,0.006235100037883967,3
E5,lista,aleatorio,2000,1000,100,5,0.057571399956941605,
E5,abb,aleatorio,2000,1000,100,5,0.01331230002688244,26
E5,bmas,aleatorio,2000,1000,100,5,0.00652950000949204,3
E5,lista,aleatorio,2000,1000,100,6,0.053772700019180775,
E5,abb,aleatorio,2000,1000,100,6,0.012248499959241599,23
E5,bmas,aleatorio,2000,1000,100,6,0.0061036000261083245,3
E5,lista,aleatorio,2000,1000,100,7,0.06184999999823049,
E5,abb,aleatorio,2000,1000,100,7,0.013670399959664792,24
E5,bmas,aleatorio,2000,1000,100,7,0.006600900029297918,3
E5,lista,aleatorio,2000,1000,100,8,0.05363260000012815,
E5,abb,aleatorio,2000,1000,100,8,0.013122299977112561,27
E5,bmas,aleatorio,2000,1000,100,8,0.007320999982766807,3
E5,lista,aleatorio,2000,1000,100,9,0.05489250004757196,
E5,abb,aleatorio,2000,1000,100,9,0.013546100002713501,21
E5,bmas,aleatorio,2000,1000,100,9,0.006495600042399019,3
E5,lista,aleatorio,2000,1000,100,10,0.05444039998110384,
E5,abb,aleatorio,2000,1000,100,10,0.014819400035776198,23
E5,bmas,aleatorio,2000,1000,100,10,0.007296699972357601,3
E5,lista,aleatorio,2000,1000,100,11,0.053508799988776445,
E5,abb,aleatorio,2000,1000,100,11,0.013339400000404567,27
E5,bmas,aleatorio,2000,1000,100,11,0.006667599955108017,3
E5,lista,aleatorio,2000,1000,100,12,0.06283150002127513,
E5,abb,aleatorio,2000,1000,100,12,0.013106500031426549,26
E5,bmas,aleatorio,2000,1000,100,12,0.00666280003497377,3
E5,lista,aleatorio,2000,1000,100,13,0.05644890002440661,
E5,abb,aleatorio,2000,1000,100,13,0.014059399953112006,26
E5,bmas,aleatorio,2000,1000,100,13,0.0066105000441893935,3
E5,lista,aleatorio,2000,1000,100,14,0.05762099998537451,
E5,abb,aleatorio,2000,1000,100,14,0.015613999974448234,25
E5,bmas,aleatorio,2000,1000,100,14,0.006709299981594086,3
E5,lista,aleatorio,2000,1000,100,15,0.05645329999970272,
E5,abb,aleatorio,2000,1000,100,15,0.014136800018604845,27
E5,bmas,aleatorio,2000,1000,100,15,0.007579199969768524,3
E5,lista,aleatorio,5000,1000,100,1,0.14877999998861924,
E5,abb,aleatorio,5000,1000,100,1,0.014818900031968951,29
E5,bmas,aleatorio,5000,1000,100,1,0.0062125000404194,3
E5,lista,aleatorio,5000,1000,100,2,0.12835399998584762,
E5,abb,aleatorio,5000,1000,100,2,0.014274399960413575,28
E5,bmas,aleatorio,5000,1000,100,2,0.006695199990645051,3
E5,lista,aleatorio,5000,1000,100,3,0.1281600000220351,
E5,abb,aleatorio,5000,1000,100,3,0.013903699989896268,27
E5,bmas,aleatorio,5000,1000,100,3,0.00794149999273941,3
E5,lista,aleatorio,5000,1000,100,4,0.13264569995226339,
E5,abb,aleatorio,5000,1000,100,4,0.014080499997362494,29
E5,bmas,aleatorio,5000,1000,100,4,0.006382599996868521,3
E5,lista,aleatorio,5000,1000,100,5,0.13298960000975057,
E5,abb,aleatorio,5000,1000,100,5,0.014090600016061217,24
E5,bmas,aleatorio,5000,1000,100,5,0.007298200041987002,3
E5,lista,aleatorio,5000,1000,100,6,0.13273349998053163,
E5,abb,aleatorio,5000,1000,100,6,0.0139803999918513,31
E5,bmas,aleatorio,5000,1000,100,6,0.0076360999955795705,3
E5,lista,aleatorio,5000,1000,100,7,0.13158889999613166,
E5,abb,aleatorio,5000,1000,100,7,0.01377910003066063,27
E5,bmas,aleatorio,5000,1000,100,7,0.007430400000885129,3
E5,lista,aleatorio,5000,1000,100,8,0.13102830003481358,
E5,abb,aleatorio,5000,1000,100,8,0.013768300006631762,30
E5,bmas,aleatorio,5000,1000,100,8,0.00736499996855855,3
E5,lista,aleatorio,5000,1000,100,9,0.13907910004490986,
E5,abb,aleatorio,5000,1000,100,9,0.014335900021251291,29
E5,bmas,aleatorio,5000,1000,100,9,0.006805099954362959,3
E5,lista,aleatorio,5000,1000,100,10,0.1277809999883175,
E5,abb,aleatorio,5000,1000,100,10,0.014294099994003773,27
E5,bmas,aleatorio,5000,1000,100,10,0.0062138999928720295,3
E5,lista,aleatorio,5000,1000,100,11,0.13066179997986183,
E5,abb,aleatorio,5000,1000,100,11,0.014402900007553399,29
E5,bmas,aleatorio,5000,1000,100,11,0.006618499988690019,3
E5,lista,aleatorio,5000,1000,100,12,0.1296530999825336,
E5,abb,aleatorio,5000,1000,100,12,0.01375969999935478,31
E5,bmas,aleatorio,5000,1000,100,12,0.006793199980165809,3
E5,lista,aleatorio,5000,1000,100,13,0.12997970002470538,
E5,abb,aleatorio,5000,1000,100,13,0.014634599967394024,28
E5,bmas,aleatorio,5000,1000,100,13,0.006322800007183105,3
E5,lista,aleatorio,5000,1000,100,14,0.13316829997347668,
E5,abb,aleatorio,5000,1000,100,14,0.014642100024502724,30
E5,bmas,aleatorio,5000,1000,100,14,0.006145299994386733,3
E5,lista,aleatorio,5000,1000,100,15,0.12717480002902448,
E5,abb,aleatorio,5000,1000,100,15,0.014371800003573298,26
E5,bmas,aleatorio,5000,1000,100,15,0.00608500000089407,3
E5,lista,aleatorio,10000,1000,100,1,0.273791000014171,
E5,abb,aleatorio,10000,1000,100,1,0.015790499979630113,30
E5,bmas,aleatorio,10000,1000,100,1,0.0069831000291742384,3
E5,lista,aleatorio,10000,1000,100,2,0.2698262999765575,
E5,abb,aleatorio,10000,1000,100,2,0.016199200006667525,34
E5,bmas,aleatorio,10000,1000,100,2,0.007683500007260591,3
E5,lista,aleatorio,10000,1000,100,3,0.2668955000117421,
E5,abb,aleatorio,10000,1000,100,3,0.01575399999273941,32
E5,bmas,aleatorio,10000,1000,100,3,0.007350799976848066,3
E5,lista,aleatorio,10000,1000,100,4,0.27406130003510043,
E5,abb,aleatorio,10000,1000,100,4,0.016041599970776588,29
E5,bmas,aleatorio,10000,1000,100,4,0.0071289000334218144,3
E5,lista,aleatorio,10000,1000,100,5,0.2584175000083633,
E5,abb,aleatorio,10000,1000,100,5,0.015688000014051795,30
E5,bmas,aleatorio,10000,1000,100,5,0.0073438999825157225,3
E5,lista,aleatorio,10000,1000,100,6,0.26568549999501556,
E5,abb,aleatorio,10000,1000,100,6,0.015920299978461117,32
E5,bmas,aleatorio,10000,1000,100,6,0.007226799963973463,3
E5,lista,aleatorio,10000,1000,100,7,0.25849019997986034,
E5,abb,aleatorio,10000,1000,100,7,0.015827199968043715,28
E5,bmas,aleatorio,10000,1000,100,7,0.006642499996814877,3
E5,lista,aleatorio,10000,1000,100,8,0.2638851000228897,
E5,abb,aleatorio,10000,1000,100,8,0.015592099982313812,30
E5,bmas,aleatorio,10000,1000,100,8,0.007222899992484599,3
E5,lista,aleatorio,10000,1000,100,9,0.2636126999859698,
E5,abb,aleatorio,10000,1000,100,9,0.015464199997950345,37
E5,bmas,aleatorio,10000,1000,100,9,0.006954299984499812,3
E5,lista,aleatorio,10000,1000,100,10,0.2723221000051126,
E5,abb,aleatorio,10000,1000,100,10,0.016277499962598085,32
E5,bmas,aleatorio,10000,1000,100,10,0.006506800011266023,3
E5,lista,aleatorio,10000,1000,100,11,0.26118590001715347,
E5,abb,aleatorio,10000,1000,100,11,0.015685099991969764,33
E5,bmas,aleatorio,10000,1000,100,11,0.007032200053799897,3
E5,lista,aleatorio,10000,1000,100,12,0.26568799995584413,
E5,abb,aleatorio,10000,1000,100,12,0.015323699975851923,33
E5,bmas,aleatorio,10000,1000,100,12,0.006973500014282763,3
E5,lista,aleatorio,10000,1000,100,13,0.26321049995021895,
E5,abb,aleatorio,10000,1000,100,13,0.01507219998165965,27
E5,bmas,aleatorio,10000,1000,100,13,0.007949299993924797,3
E5,lista,aleatorio,10000,1000,100,14,0.2691060999641195,
E5,abb,aleatorio,10000,1000,100,14,0.01647999999113381,30
E5,bmas,aleatorio,10000,1000,100,14,0.0067538999719545245,3
E5,lista,aleatorio,10000,1000,100,15,0.2646443000412546,
E5,abb,aleatorio,10000,1000,100,15,0.015372099995147437,34
E5,bmas,aleatorio,10000,1000,100,15,0.0072660999721847475,3
E5,lista,aleatorio,20000,1000,100,1,0.5877892000135034,
E5,abb,aleatorio,20000,1000,100,1,0.018118000007234514,36
E5,bmas,aleatorio,20000,1000,100,1,0.007878699980210513,3
E5,lista,aleatorio,20000,1000,100,2,0.5957143999985419,
E5,abb,aleatorio,20000,1000,100,2,0.015780999965500087,36
E5,bmas,aleatorio,20000,1000,100,2,0.007452399993781,3
E5,lista,aleatorio,20000,1000,100,3,0.5984696000232361,
E5,abb,aleatorio,20000,1000,100,3,0.01601899997331202,33
E5,bmas,aleatorio,20000,1000,100,3,0.007412699982523918,3
E5,lista,aleatorio,20000,1000,100,4,0.5816626999876462,
E5,abb,aleatorio,20000,1000,100,4,0.016928099968936294,36
E5,bmas,aleatorio,20000,1000,100,4,0.007503500033635646,3
E5,lista,aleatorio,20000,1000,100,5,0.5864110000547953,
E5,abb,aleatorio,20000,1000,100,5,0.016567899961955845,32
E5,bmas,aleatorio,20000,1000,100,5,0.007514600001741201,3
E5,lista,aleatorio,20000,1000,100,6,0.578521899995394,
E5,abb,aleatorio,20000,1000,100,6,0.01662360003683716,32
E5,bmas,aleatorio,20000,1000,100,6,0.007436899992171675,3
E5,lista,aleatorio,20000,1000,100,7,0.5765723999938928,
E5,abb,aleatorio,20000,1000,100,7,0.01626649999525398,31
E5,bmas,aleatorio,20000,1000,100,7,0.007402299961540848,3
E5,lista,aleatorio,20000,1000,100,8,0.5832021000096574,
E5,abb,aleatorio,20000,1000,100,8,0.016472799994517118,34
E5,bmas,aleatorio,20000,1000,100,8,0.007429399993270636,3
E5,lista,aleatorio,20000,1000,100,9,0.588517900032457,
E5,abb,aleatorio,20000,1000,100,9,0.016635699954349548,33
E5,bmas,aleatorio,20000,1000,100,9,0.007643799996003509,3
E5,lista,aleatorio,20000,1000,100,10,0.5790789999882691,
E5,abb,aleatorio,20000,1000,100,10,0.016071199963334948,38
E5,bmas,aleatorio,20000,1000,100,10,0.008027600008063018,3
E5,lista,aleatorio,20000,1000,100,11,0.5792844999814406,
E5,abb,aleatorio,20000,1000,100,11,0.016086899966467172,30
E5,bmas,aleatorio,20000,1000,100,11,0.007072199950926006,3
E5,lista,aleatorio,20000,1000,100,12,0.5811234000138938,
E5,abb,aleatorio,20000,1000,100,12,0.016494100040290505,32
E5,bmas,aleatorio,20000,1000,100,12,0.007857399992644787,3
E5,lista,aleatorio,20000,1000,100,13,0.5749782000202686,
E5,abb,aleatorio,20000,1000,100,13,0.015608300047460943,33
E5,bmas,aleatorio,20000,1000,100,13,0.007196500024292618,3
E5,lista,aleatorio,20000,1000,100,14,0.5720918999868445,
E5,abb,aleatorio,20000,1000,100,14,0.015956300019752234,32
E5,bmas,aleatorio,20000,1000,100,14,0.007605100050568581,3
E5,lista,aleatorio,20000,1000,100,15,0.5826759999617934,
E5,abb,aleatorio,20000,1000,100,15,0.017277600010856986,36
E5,bmas,aleatorio,20000,1000,100,15,0.007648400031030178,3
E5,lista,aleatorio,30000,1000,100,1,0.981845100002829,
E5,abb,aleatorio,30000,1000,100,1,0.022428900003433228,36
E5,bmas,aleatorio,30000,1000,100,1,0.009550000017043203,3
E5,lista,aleatorio,30000,1000,100,2,0.9110510000027716,
E5,abb,aleatorio,30000,1000,100,2,0.016937199980020523,34
E5,bmas,aleatorio,30000,1000,100,2,0.00822719995630905,3
E5,lista,aleatorio,30000,1000,100,3,0.9255087999626994,
E5,abb,aleatorio,30000,1000,100,3,0.017717299982905388,35
E5,bmas,aleatorio,30000,1000,100,3,0.008082299958914518,3
E5,lista,aleatorio,30000,1000,100,4,0.9187756999745034,
E5,abb,aleatorio,30000,1000,100,4,0.017293599958065897,35
E5,bmas,aleatorio,30000,1000,100,4,0.00820069998735562,3
E5,lista,aleatorio,30000,1000,100,5,0.9156184000312351,
E5,abb,aleatorio,30000,1000,100,5,0.01751859998330474,34
E5,bmas,aleatorio,30000,1000,100,5,0.008150899957399815,3
E5,lista,aleatorio,30000,1000,100,6,0.91754380002385,
E5,abb,aleatorio,30000,1000,100,6,0.017789300007279962,32
E5,bmas,aleatorio,30000,1000,100,6,0.008310399949550629,3
E5,lista,aleatorio,30000,1000,100,7,0.9143648000317626,
E5,abb,aleatorio,30000,1000,100,7,0.019563800015021116,34
E5,bmas,aleatorio,30000,1000,100,7,0.007615000009536743,3
E5,lista,aleatorio,30000,1000,100,8,0.9142254000180401,
E5,abb,aleatorio,30000,1000,100,8,0.017528399999719113,38
E5,bmas,aleatorio,30000,1000,100,8,0.007715100015047938,3
E5,lista,aleatorio,30000,1000,100,9,0.9245188999921083,
E5,abb,aleatorio,30000,1000,100,9,0.023999800032470375,38
E5,bmas,aleatorio,30000,1000,100,9,0.009305000014137477,3
E5,lista,aleatorio,30000,1000,100,10,0.9606631999486126,
E5,abb,aleatorio,30000,1000,100,10,0.019507799996063113,35
E5,bmas,aleatorio,30000,1000,100,10,0.008303300011903048,3
E5,lista,aleatorio,30000,1000,100,11,0.9125960000092164,
E5,abb,aleatorio,30000,1000,100,11,0.017405300051905215,39
E5,bmas,aleatorio,30000,1000,100,11,0.007754099962767214,3
E5,lista,aleatorio,30000,1000,100,12,0.9619084999430925,
E5,abb,aleatorio,30000,1000,100,12,0.017816699983086437,36
E5,bmas,aleatorio,30000,1000,100,12,0.007964499993249774,3
E5,lista,aleatorio,30000,1000,100,13,0.9274976999731734,
E5,abb,aleatorio,30000,1000,100,13,0.016907299985177815,35
E5,bmas,aleatorio,30000,1000,100,13,0.00930749997496605,3
E5,lista,aleatorio,30000,1000,100,14,0.9404434000025503,
E5,abb,aleatorio,30000,1000,100,14,0.017320499988272786,37
E5,bmas,aleatorio,30000,1000,100,14,0.00781979999737814,3
E5,lista,aleatorio,30000,1000,100,15,0.9313610999961384,
E5,abb,aleatorio,30000,1000,100,15,0.01814100000774488,32
E5,bmas,aleatorio,30000,1000,100,15,0.007897800009232014,3
E5,lista,ordenado,100,1000,100,1,0.0036906999885104597,
E5,abb,ordenado,100,1000,100,1,0.013955600035842508,100
E5,bmas,ordenado,100,1000,100,1,0.005558800010476261,2
E5,lista,ordenado,100,1000,100,2,0.004383900028187782,
E5,abb,ordenado,100,1000,100,2,0.011860399972647429,100
E5,bmas,ordenado,100,1000,100,2,0.004877700004726648,2
E5,lista,ordenado,100,1000,100,3,0.004501400049775839,
E5,abb,ordenado,100,1000,100,3,0.011119799979496747,100
E5,bmas,ordenado,100,1000,100,3,0.0059983000392094254,2
E5,lista,ordenado,100,1000,100,4,0.003795500029809773,
E5,abb,ordenado,100,1000,100,4,0.01177119999192655,100
E5,bmas,ordenado,100,1000,100,4,0.005134799983352423,2
E5,lista,ordenado,100,1000,100,5,0.003992200014181435,
E5,abb,ordenado,100,1000,100,5,0.010722799983341247,100
E5,bmas,ordenado,100,1000,100,5,0.00505809998139739,2
E5,lista,ordenado,100,1000,100,6,0.004195299989078194,
E5,abb,ordenado,100,1000,100,6,0.010865299962460995,100
E5,bmas,ordenado,100,1000,100,6,0.0051731999847106636,2
E5,lista,ordenado,100,1000,100,7,0.0037776000099256635,
E5,abb,ordenado,100,1000,100,7,0.011647999985143542,100
E5,bmas,ordenado,100,1000,100,7,0.005676400032825768,2
E5,lista,ordenado,100,1000,100,8,0.0037475000135600567,
E5,abb,ordenado,100,1000,100,8,0.012358900043182075,100
E5,bmas,ordenado,100,1000,100,8,0.006199499999638647,2
E5,lista,ordenado,100,1000,100,9,0.004284999973606318,
E5,abb,ordenado,100,1000,100,9,0.011601899983361363,100
E5,bmas,ordenado,100,1000,100,9,0.005185399961192161,2
E5,lista,ordenado,100,1000,100,10,0.003962100017815828,
E5,abb,ordenado,100,1000,100,10,0.011051499983295798,100
E5,bmas,ordenado,100,1000,100,10,0.005248999979812652,2
E5,lista,ordenado,100,1000,100,11,0.0038489000289700925,
E5,abb,ordenado,100,1000,100,11,0.011217599967494607,100
E5,bmas,ordenado,100,1000,100,11,0.005179499974474311,2
E5,lista,ordenado,100,1000,100,12,0.003961000009439886,
E5,abb,ordenado,100,1000,100,12,0.011182100046426058,100
E5,bmas,ordenado,100,1000,100,12,0.0053035999881103635,2
E5,lista,ordenado,100,1000,100,13,0.004083999956492335,
E5,abb,ordenado,100,1000,100,13,0.01110180001705885,100
E5,bmas,ordenado,100,1000,100,13,0.005215400015003979,2
E5,lista,ordenado,100,1000,100,14,0.004016500024590641,
E5,abb,ordenado,100,1000,100,14,0.011247100017499179,100
E5,bmas,ordenado,100,1000,100,14,0.00561970000853762,2
E5,lista,ordenado,100,1000,100,15,0.0034624999971129,
E5,abb,ordenado,100,1000,100,15,0.011245100002270192,100
E5,bmas,ordenado,100,1000,100,15,0.005658600013703108,2
E5,lista,ordenado,300,1000,100,1,0.008565699972677976,
E5,abb,ordenado,300,1000,100,1,0.021713099966291338,300
E5,bmas,ordenado,300,1000,100,1,0.005700399982742965,2
E5,lista,ordenado,300,1000,100,2,0.008416600001510233,
E5,abb,ordenado,300,1000,100,2,0.01915120001649484,300
E5,bmas,ordenado,300,1000,100,2,0.006007599993608892,2
E5,lista,ordenado,300,1000,100,3,0.008484599995426834,
E5,abb,ordenado,300,1000,100,3,0.020657800021581352,300
E5,bmas,ordenado,300,1000,100,3,0.006420099991373718,2
E5,lista,ordenado,300,1000,100,4,0.008894500031601638,
E5,abb,ordenado,300,1000,100,4,0.02147859998513013,300
E5,bmas,ordenado,300,1000,100,4,0.006413099996279925,2
E5,lista,ordenado,300,1000,100,5,0.00912380003137514,
E5,abb,ordenado,300,1000,100,5,0.019261800043750554,300
E5,bmas,ordenado,300,1000,100,5,0.005667499965056777,2
E5,lista,ordenado,300,1000,100,6,0.0083592000300996,
E5,abb,ordenado,300,1000,100,6,0.019477999943774194,300
E5,bmas,ordenado,300,1000,100,6,0.005878199997823685,2
E5,lista,ordenado,300,1000,100,7,0.008193899993784726,
E5,abb,ordenado,300,1000,100,7,0.020150299998931587,300
E5,bmas,ordenado,300,1000,100,7,0.006433399976231158,2
E5,lista,ordenado,300,1000,100,8,0.008433800016064197,
E5,abb,ordenado,300,1000,100,8,0.018620000046212226,300
E5,bmas,ordenado,300,1000,100,8,0.005565100000239909,2
E5,lista,ordenado,300,1000,100,9,0.00810139998793602,
E5,abb,ordenado,300,1000,100,9,0.021661799983121455,300
E5,bmas,ordenado,300,1000,100,9,0.005830799986142665,2
E5,lista,ordenado,300,1000,100,10,0.008149300003424287,
E5,abb,ordenado,300,1000,100,10,0.020066999946720898,300
E5,bmas,ordenado,300,1000,100,10,0.006129099987447262,2
E5,lista,ordenado,300,1000,100,11,0.008455800008960068,
E5,abb,ordenado,300,1000,100,11,0.019605700043030083,300
E5,bmas,ordenado,300,1000,100,11,0.006253200001083314,2
E5,lista,ordenado,300,1000,100,12,0.007486100017558783,
E5,abb,ordenado,300,1000,100,12,0.020154699974227697,300
E5,bmas,ordenado,300,1000,100,12,0.006001100002322346,2
E5,lista,ordenado,300,1000,100,13,0.008236600027885288,
E5,abb,ordenado,300,1000,100,13,0.01994999998714775,300
E5,bmas,ordenado,300,1000,100,13,0.005828400026075542,2
E5,lista,ordenado,300,1000,100,14,0.007806400011759251,
E5,abb,ordenado,300,1000,100,14,0.02276049996726215,300
E5,bmas,ordenado,300,1000,100,14,0.0054367000120691955,2
E5,lista,ordenado,300,1000,100,15,0.008063399989623576,
E5,abb,ordenado,300,1000,100,15,0.01963409996824339,300
E5,bmas,ordenado,300,1000,100,15,0.006306600000243634,2
E5,lista,ordenado,1000,1000,100,1,0.022907599981408566,
E5,abb,ordenado,1000,1000,100,1,0.05119490000652149,1000
E5,bmas,ordenado,1000,1000,100,1,0.007097499968949705,2
E5,lista,ordenado,1000,1000,100,2,0.0233693000045605,
E5,abb,ordenado,1000,1000,100,2,0.0552151000010781,1000
E5,bmas,ordenado,1000,1000,100,2,0.006151699984911829,2
E5,lista,ordenado,1000,1000,100,3,0.023254399944562465,
E5,abb,ordenado,1000,1000,100,3,0.05077769997296855,1000
E5,bmas,ordenado,1000,1000,100,3,0.0064362000557594,2
E5,lista,ordenado,1000,1000,100,4,0.022830499976407737,
E5,abb,ordenado,1000,1000,100,4,0.049138100002892315,1000
E5,bmas,ordenado,1000,1000,100,4,0.005978700006380677,2
E5,lista,ordenado,1000,1000,100,5,0.02332909998949617,
E5,abb,ordenado,1000,1000,100,5,0.05043130001286045,1000
E5,bmas,ordenado,1000,1000,100,5,0.0066003999672830105,2
E5,lista,ordenado,1000,1000,100,6,0.023183600045740604,
E5,abb,ordenado,1000,1000,100,6,0.05130099999951199,1000
E5,bmas,ordenado,1000,1000,100,6,0.006551099999342114,2
E5,lista,ordenado,1000,1000,100,7,0.02255150000564754,
E5,abb,ordenado,1000,1000,100,7,0.05053500004578382,1000
E5,bmas,ordenado,1000,1000,100,7,0.007872200047131628,2
E5,lista,ordenado,1000,1000,100,8,0.025328600022476166,
E5,abb,ordenado,1000,1000,100,8,0.0504052999895066,1000
E5,bmas,ordenado,1000,1000,100,8,0.007569999957922846,2
E5,lista,ordenado,1000,1000,100,9,0.025874099985230714,
E5,abb,ordenado,1000,1000,100,9,0.05288929998641834,1000
E5,bmas,ordenado,1000,1000,100,9,0.007884300022851676,2
E5,lista,ordenado,1000,1000,100,10,0.024577399948611856,
E5,abb,ordenado,1000,1000,100,10,0.050021099974401295,1000
E5,bmas,ordenado,1000,1000,100,10,0.007601900026202202,2
E5,lista,ordenado,1000,1000,100,11,0.024179200001526624,
E5,abb,ordenado,1000,1000,100,11,0.05146250000689179,1000
E5,bmas,ordenado,1000,1000,100,11,0.006533199979458004,2
E5,lista,ordenado,1000,1000,100,12,0.02478410000912845,
E5,abb,ordenado,1000,1000,100,12,0.055179999966640025,1000
E5,bmas,ordenado,1000,1000,100,12,0.007719699991866946,2
E5,lista,ordenado,1000,1000,100,13,0.0234997000079602,
E5,abb,ordenado,1000,1000,100,13,0.05220869998447597,1000
E5,bmas,ordenado,1000,1000,100,13,0.006613200006540865,2
E5,lista,ordenado,1000,1000,100,14,0.023782000003848225,
E5,abb,ordenado,1000,1000,100,14,0.047204699949361384,1000
E5,bmas,ordenado,1000,1000,100,14,0.007219300023280084,2
E5,lista,ordenado,1000,1000,100,15,0.0230716000078246,
E5,abb,ordenado,1000,1000,100,15,0.04938069998752326,1000
E5,bmas,ordenado,1000,1000,100,15,0.006458399991970509,2
E5,lista,ordenado,2000,1000,100,1,0.050987199996598065,
E5,abb,ordenado,2000,1000,100,1,0.09714830003213137,2000
E5,bmas,ordenado,2000,1000,100,1,0.0061166000086814165,3
E5,lista,ordenado,2000,1000,100,2,0.04495640000095591,
E5,abb,ordenado,2000,1000,100,2,0.09776699997019023,2000
E5,bmas,ordenado,2000,1000,100,2,0.006201200012583286,3
E5,lista,ordenado,2000,1000,100,3,0.04526650003390387,
E5,abb,ordenado,2000,1000,100,3,0.09375280002132058,2000
E5,bmas,ordenado,2000,1000,100,3,0.006321900000330061,3
E5,lista,ordenado,2000,1000,100,4,0.04864359996281564,
E5,abb,ordenado,2000,1000,100,4,0.09608119999757037,2000
E5,bmas,ordenado,2000,1000,100,4,0.005753799981903285,3
E5,lista,ordenado,2000,1000,100,5,0.047138099966105074,
E5,abb,ordenado,2000,1000,100,5,0.09418710001045838,2000
E5,bmas,ordenado,2000,1000,100,5,0.00635599996894598,3
E5,lista,ordenado,2000,1000,100,6,0.047816500009503216,
E5,abb,ordenado,2000,1000,100,6,0.09636820002924651,2000
E5,bmas,ordenado,2000,1000,100,6,0.006082799984142184,3
E5,lista,ordenado,2000,1000,100,7,0.04411600000457838,
E5,abb,ordenado,2000,1000,100,7,0.09450199996354058,2000
E5,bmas,ordenado,2000,1000,100,7,0.006265299976803362,3
E5,lista,ordenado,2000,1000,100,8,0.04345210001338273,
E5,abb,ordenado,2000,1000,100,8,0.09005420003086329,2000
E5,bmas,ordenado,2000,1000,100,8,0.0067832000204361975,3
E5,lista,ordenado,2000,1000,100,9,0.04475200001616031,
E5,abb,ordenado,2000,1000,100,9,0.08871640003053471,2000
E5,bmas,ordenado,2000,1000,100,9,0.006828200013842434,3
E5,lista,ordenado,2000,1000,100,10,0.045782500004861504,
E5,abb,ordenado,2000,1000,100,10,0.09441880002850667,2000
E5,bmas,ordenado,2000,1000,100,10,0.007246799999848008,3
E5,lista,ordenado,2000,1000,100,11,0.0477758000488393,
E5,abb,ordenado,2000,1000,100,11,0.10110899998107925,2000
E5,bmas,ordenado,2000,1000,100,11,0.006857500004116446,3
E5,lista,ordenado,2000,1000,100,12,0.043271300033666193,
E5,abb,ordenado,2000,1000,100,12,0.09197409998159856,2000
E5,bmas,ordenado,2000,1000,100,12,0.006590000004507601,3
E5,lista,ordenado,2000,1000,100,13,0.04587309999624267,
E5,abb,ordenado,2000,1000,100,13,0.08836080000037327,2000
E5,bmas,ordenado,2000,1000,100,13,0.0066716999863274395,3
E5,lista,ordenado,2000,1000,100,14,0.04558320000069216,
E5,abb,ordenado,2000,1000,100,14,0.09602380002615973,2000
E5,bmas,ordenado,2000,1000,100,14,0.006725000042933971,3
E5,lista,ordenado,2000,1000,100,15,0.043642800010275096,
E5,abb,ordenado,2000,1000,100,15,0.09386369999265298,2000
E5,bmas,ordenado,2000,1000,100,15,0.00628039997536689,3
E5,lista,ordenado,5000,1000,100,1,0.11858690000372007,
E5,abb,ordenado,5000,1000,100,1,0.23230509995482862,5000
E5,bmas,ordenado,5000,1000,100,1,0.007033800007775426,3
E5,lista,ordenado,5000,1000,100,2,0.10995379998348653,
E5,abb,ordenado,5000,1000,100,2,0.2418706999742426,5000
E5,bmas,ordenado,5000,1000,100,2,0.0067192999995313585,3
E5,lista,ordenado,5000,1000,100,3,0.10891979996813461,
E5,abb,ordenado,5000,1000,100,3,0.22201630001654848,5000
E5,bmas,ordenado,5000,1000,100,3,0.0065605000127106905,3
E5,lista,ordenado,5000,1000,100,4,0.109728500014171,
E5,abb,ordenado,5000,1000,100,4,0.22176360001321882,5000
E5,bmas,ordenado,5000,1000,100,4,0.00706430000718683,3
E5,lista,ordenado,5000,1000,100,5,0.121264900022652,
E5,abb,ordenado,5000,1000,100,5,0.22941400000127032,5000
E5,bmas,ordenado,5000,1000,100,5,0.0067192999995313585,3
E5,lista,ordenado,5000,1000,100,6,0.10477430000901222,
E5,abb,ordenado,5000,1000,100,6,0.21974019997287542,5000
E5,bmas,ordenado,5000,1000,100,6,0.006639500032179058,3
E5,lista,ordenado,5000,1000,100,7,0.11072860000422224,
E5,abb,ordenado,5000,1000,100,7,0.23181409999961033,5000
E5,bmas,ordenado,5000,1000,100,7,0.00596199999563396,3
E5,lista,ordenado,5000,1000,100,8,0.10555700003169477,
E5,abb,ordenado,5000,1000,100,8,0.22784339997451752,5000
E5,bmas,ordenado,5000,1000,100,8,0.005843200022354722,3
E5,lista,ordenado,5000,1000,100,9,0.11087999999290332,
E5,abb,ordenado,5000,1000,100,9,0.23112750001018867,5000
E5,bmas,ordenado,5000,1000,100,9,0.006330800009891391,3
E5,lista,ordenado,5000,1000,100,10,0.10800700000254437,
E5,abb,ordenado,5000,1000,100,10,0.2331754999468103,5000
E5,bmas,ordenado,5000,1000,100,10,0.00651920004747808,3
E5,lista,ordenado,5000,1000,100,11,0.10611059999791905,
E5,abb,ordenado,5000,1000,100,11,0.23085950000677258,5000
E5,bmas,ordenado,5000,1000,100,11,0.006413299997802824,3
E5,lista,ordenado,5000,1000,100,12,0.10510599997360259,
E5,abb,ordenado,5000,1000,100,12,0.2351030000136234,5000
E5,bmas,ordenado,5000,1000,100,12,0.006384000007528812,3
E5,lista,ordenado,5000,1000,100,13,0.10621350002475083,
E5,abb,ordenado,5000,1000,100,13,0.2186185999889858,5000
E5,bmas,ordenado,5000,1000,100,13,0.006813700019847602,3
E5,lista,ordenado,5000,1000,100,14,0.11737290001474321,
E5,abb,ordenado,5000,1000,100,14,0.22272369998972863,5000
E5,bmas,ordenado,5000,1000,100,14,0.006668299960438162,3
E5,lista,ordenado,5000,1000,100,15,0.10806440003216267,
E5,abb,ordenado,5000,1000,100,15,0.22058459999971092,5000
E5,bmas,ordenado,5000,1000,100,15,0.007103800016921014,3
E5,lista,ordenado,10000,1000,100,1,0.22942370001692325,
E5,abb,ordenado,10000,1000,100,1,0.4691852999967523,10000
E5,bmas,ordenado,10000,1000,100,1,0.006365399982314557,3
E5,lista,ordenado,10000,1000,100,2,0.23130709998076782,
E5,abb,ordenado,10000,1000,100,2,0.45928229996934533,10000
E5,bmas,ordenado,10000,1000,100,2,0.0061484999605454504,3
E5,lista,ordenado,10000,1000,100,3,0.2225400999886915,
E5,abb,ordenado,10000,1000,100,3,0.4421983000356704,10000
E5,bmas,ordenado,10000,1000,100,3,0.0067078000283800066,3
E5,lista,ordenado,10000,1000,100,4,0.22258070000680164,
E5,abb,ordenado,10000,1000,100,4,0.4336604999843985,10000
E5,bmas,ordenado,10000,1000,100,4,0.006824499985668808,3
E5,lista,ordenado,10000,1000,100,5,0.2268921000068076,
E5,abb,ordenado,10000,1000,100,5,0.43443339999066666,10000
E5,bmas,ordenado,10000,1000,100,5,0.006547499971929938,3
E5,lista,ordenado,10000,1000,100,6,0.2391600999981165,
E5,abb,ordenado,10000,1000,100,6,0.4306364000076428,10000
E5,bmas,ordenado,10000,1000,100,6,0.006605800008401275,3
E5,lista,ordenado,10000,1000,100,7,0.21964339999249205,
E5,abb,ordenado,10000,1000,100,7,0.48152079997817054,10000
E5,bmas,ordenado,10000,1000,100,7,0.006527499994263053,3
E5,lista,ordenado,10000,1000,100,8,0.22091610002098605,
E5,abb,ordenado,10000,1000,100,8,0.4601496999966912,10000
E5,bmas,ordenado,10000,1000,100,8,0.00654580001719296,3
E5,lista,ordenado,10000,1000,100,9,0.2211086000315845,
E5,abb,ordenado,10000,1000,100,9,0.4496523000416346,10000
E5,bmas,ordenado,10000,1000,100,9,0.006716899981256574,3
E5,lista,ordenado,10000,1000,100,10,0.23149099998408929,
E5,abb,ordenado,10000,1000,100,10,0.45350150001468137,10000
E5,bmas,ordenado,10000,1000,100,10,0.006694199983030558,3
E5,lista,ordenado,10000,1000,100,11,0.2271471000276506,
E5,abb,ordenado,10000,1000,100,11,0.494258799997624,10000
E5,bmas,ordenado,10000,1000,100,11,0.006221999996341765,3
E5,lista,ordenado,10000,1000,100,12,0.2222709000343457,
E5,abb,ordenado,10000,1000,100,12,0.4365253000287339,10000
E5,bmas,ordenado,10000,1000,100,12,0.006579499982763082,3
E5,lista,ordenado,10000,1000,100,13,0.2242854000069201,
E5,abb,ordenado,10000,1000,100,13,0.45423199998913333,10000
E5,bmas,ordenado,10000,1000,100,13,0.00648350000847131,3
E5,lista,ordenado,10000,1000,100,14,0.22172189998673275,
E5,abb,ordenado,10000,1000,100,14,0.4571985999937169,10000
E5,bmas,ordenado,10000,1000,100,14,0.007261599996127188,3
E5,lista,ordenado,10000,1000,100,15,0.23060459998669103,
E5,abb,ordenado,10000,1000,100,15,0.42720610002288595,10000
E5,bmas,ordenado,10000,1000,100,15,0.0067946999915875494,3
E5,lista,ordenado,20000,1000,100,1,0.49742059997515753,
E5,abb,ordenado,20000,1000,100,1,0.9073592000058852,20000
E5,bmas,ordenado,20000,1000,100,1,0.007137399981729686,3
E5,lista,ordenado,20000,1000,100,2,0.4727720000082627,
E5,abb,ordenado,20000,1000,100,2,0.9029896999709308,20000
E5,bmas,ordenado,20000,1000,100,2,0.006924499990418553,3
E5,lista,ordenado,20000,1000,100,3,0.4587442000047304,
E5,abb,ordenado,20000,1000,100,3,0.9060972000006586,20000
E5,bmas,ordenado,20000,1000,100,3,0.00742440001340583,3
E5,lista,ordenado,20000,1000,100,4,0.4606210000347346,
E5,abb,ordenado,20000,1000,100,4,0.9425601999973878,20000
E5,bmas,ordenado,20000,1000,100,4,0.007008999993558973,3
E5,lista,ordenado,20000,1000,100,5,0.4731751999934204,
E5,abb,ordenado,20000,1000,100,5,0.8718605000176467,20000
E5,bmas,ordenado,20000,1000,100,5,0.006672499992419034,3
E5,lista,ordenado,20000,1000,100,6,0.46481120004318655,
E5,abb,ordenado,20000,1000,100,6,0.8704345999867655,20000
E5,bmas,ordenado,20000,1000,100,6,0.007844600011594594,3
E5,lista,ordenado,20000,1000,100,7,0.46515040000667796,
E5,abb,ordenado,20000,1000,100,7,0.8811120999744162,20000
E5,bmas,ordenado,20000,1000,100,7,0.008291999984066933,3
E5,lista,ordenado,20000,1000,100,8,0.4614616999751888,
E5,abb,ordenado,20000,1000,100,8,0.8995340000255965,20000
E5,bmas,ordenado,20000,1000,100,8,0.007128700031898916,3
E5,lista,ordenado,20000,1000,100,9,0.47720929997740313,
E5,abb,ordenado,20000,1000,100,9,0.9038395999814384,20000
E5,bmas,ordenado,20000,1000,100,9,0.007031999994069338,3
E5,lista,ordenado,20000,1000,100,10,0.46899139997549355,
E5,abb,ordenado,20000,1000,100,10,0.9990086000179872,20000
E5,bmas,ordenado,20000,1000,100,10,0.007163100002799183,3
E5,lista,ordenado,20000,1000,100,11,0.47387070005061105,
E5,abb,ordenado,20000,1000,100,11,0.8736066999845207,20000
E5,bmas,ordenado,20000,1000,100,11,0.007256700017023832,3
E5,lista,ordenado,20000,1000,100,12,0.4657034000265412,
E5,abb,ordenado,20000,1000,100,12,0.9134366000071168,20000
E5,bmas,ordenado,20000,1000,100,12,0.007270900008734316,3
E5,lista,ordenado,20000,1000,100,13,0.47942769998917356,
E5,abb,ordenado,20000,1000,100,13,0.89156230003573,20000
E5,bmas,ordenado,20000,1000,100,13,0.007462400011718273,3
E5,lista,ordenado,20000,1000,100,14,0.46867949998704717,
E5,abb,ordenado,20000,1000,100,14,0.8903368000173941,20000
E5,bmas,ordenado,20000,1000,100,14,0.007390399987343699,3
E5,lista,ordenado,20000,1000,100,15,0.467540200043004,
E5,abb,ordenado,20000,1000,100,15,0.9373465999960899,20000
E5,bmas,ordenado,20000,1000,100,15,0.006898999970871955,3
E5,lista,ordenado,30000,1000,100,1,0.732473400013987,
E5,abb,ordenado,30000,1000,100,1,1.3046251000487246,30000
E5,bmas,ordenado,30000,1000,100,1,0.007170099997892976,3
E5,lista,ordenado,30000,1000,100,2,0.7005527000292204,
E5,abb,ordenado,30000,1000,100,2,1.360147400002461,30000
E5,bmas,ordenado,30000,1000,100,2,0.00817979994462803,3
E5,lista,ordenado,30000,1000,100,3,0.7214492000057362,
E5,abb,ordenado,30000,1000,100,3,1.382353900000453,30000
E5,bmas,ordenado,30000,1000,100,3,0.007422499998938292,3
E5,lista,ordenado,30000,1000,100,4,0.7057222999865189,
E5,abb,ordenado,30000,1000,100,4,1.354555000027176,30000
E5,bmas,ordenado,30000,1000,100,4,0.0077809999929741025,3
E5,lista,ordenado,30000,1000,100,5,0.7038126999977976,
E5,abb,ordenado,30000,1000,100,5,1.3433398000197485,30000
E5,bmas,ordenado,30000,1000,100,5,0.007391399994958192,3
E5,lista,ordenado,30000,1000,100,6,0.703148800006602,
E5,abb,ordenado,30000,1000,100,6,1.3419618000043556,30000
E5,bmas,ordenado,30000,1000,100,6,0.007355300011113286,3
E5,lista,ordenado,30000,1000,100,7,0.6921060999738984,
E5,abb,ordenado,30000,1000,100,7,1.2807887000381015,30000
E5,bmas,ordenado,30000,1000,100,7,0.007684799958951771,3
E5,lista,ordenado,30000,1000,100,8,0.722769700048957,
E5,abb,ordenado,30000,1000,100,8,1.3602672000415623,30000
E5,bmas,ordenado,30000,1000,100,8,0.00760660000378266,3
E5,lista,ordenado,30000,1000,100,9,0.6932339000049978,
E5,abb,ordenado,30000,1000,100,9,1.3481859000166878,30000
E5,bmas,ordenado,30000,1000,100,9,0.0074754999950528145,3
E5,lista,ordenado,30000,1000,100,10,0.7015621999744326,
E5,abb,ordenado,30000,1000,100,10,1.325114700011909,30000
E5,bmas,ordenado,30000,1000,100,10,0.007202800014056265,3
E5,lista,ordenado,30000,1000,100,11,0.6997541000018828,
E5,abb,ordenado,30000,1000,100,11,1.3727605000021867,30000
E5,bmas,ordenado,30000,1000,100,11,0.007150899968110025,3
E5,lista,ordenado,30000,1000,100,12,0.7089252999867313,
E5,abb,ordenado,30000,1000,100,12,1.3462554000434466,30000
E5,bmas,ordenado,30000,1000,100,12,0.007228799979202449,3
E5,lista,ordenado,30000,1000,100,13,0.7014205000014044,
E5,abb,ordenado,30000,1000,100,13,1.3460109999869019,30000
E5,bmas,ordenado,30000,1000,100,13,0.007310599961783737,3
E5,lista,ordenado,30000,1000,100,14,0.7034696000046097,
E5,abb,ordenado,30000,1000,100,14,1.2976388000533916,30000
E5,bmas,ordenado,30000,1000,100,14,0.00712960003875196,3
E5,lista,ordenado,30000,1000,100,15,0.6968374000280164,
E5,abb,ordenado,30000,1000,100,15,1.3226621000212617,30000
E5,bmas,ordenado,30000,1000,100,15,0.008107600035145879,3
